file_name,label
moto_0000_00532_b.jpg,59-P1664.80
moto_0000_02187_b.jpg,59-E1215.00
moto_0000_05696_b.jpg,59-L2063.77
moto_0000_06886_b.jpg,59-C1653.31
moto_0001_05318_b.jpg,59-T1082.64
moto_0002_02554_b.jpg,59-F1689.55
moto_0005_02171_b.jpg,59-C2511.09
moto_0006_05286_b.jpg,59-C1653.31
moto_0006_06035_b.jpg,59-U1396.19
moto_0009_02194_b.jpg,51-FB4779
moto_0009_05325_b.jpg,60-B5314.02
moto_0017_00195_b.jpg,59-M1909.77
moto_0018_07248_b.jpg,77-F1305.41
moto_0019_01137_b.jpg,59-V1840.31
moto_0020_00536_b.jpg,67-C1053.55
moto_0020_07156_b.jpg,59-N1695.75
moto_0021_06361_b.jpg,59-V1074.73
moto_0028_00196_b.jpg,65-S21319
moto_0028_07031_b.jpg,59-V2002.85
moto_0028_08102_b.jpg,59-C1055.07
moto_0039_05169_b.jpg,84-G1225.93
moto_0041_00507_b.jpg,72-C1125.11
moto_0041_00697_b.jpg,54-Z87524
moto_0042_01141_b.jpg,59-T1888.08
moto_0042_05741_b.jpg,59-U1396.19
moto_0043_01133_b.jpg,54-S24522
moto_0043_01879_b.jpg,59-C1162.74
moto_0045_01558_b.jpg,59-U1703.92
moto_0045_01821_b.jpg,49-B1312.15
moto_0046_00961_b.jpg,62-H27327
moto_0046_01762_b.jpg,54-L24264
moto_0046_06635_b.jpg,59-B1351.99
moto_0047_00970_b.jpg,59-P1529.34
moto_0047_01152_b.jpg,59-F1704.24
moto_0047_01868_b.jpg,51-L41138
moto_0047_03046_b.jpg,54-V25804
moto_0048_01264_b.jpg,59-G1989.07
moto_0049_04098_b.jpg,60-B1571.22
moto_0053_04375_b.jpg,67-B1818.46
moto_0054_05482_b.jpg,59-S2165.55
moto_0054_05705_b.jpg,51-L73998
moto_0056_01153_b.jpg,59-U1598.97
moto_0057_01126_b.jpg,59-S2366.23
moto_0057_04356_b.jpg,59-F1381.51
moto_0057_06324_b.jpg,52-L26661
moto_0058_00594_b.jpg,43-S26463
moto_0058_01145_b.jpg,51-H23397
moto_0058_02021_b.jpg,59-V1833.57
moto_0058_05613_b.jpg,60-U23465
moto_0059_04971_b.jpg,59-F1381.51
moto_0059_06835_b.jpg,59-M1535.61
moto_0100_00168_b.jpg,77-L1.373.72
moto_0100_08183_b.jpg,59-C2511.09
moto_0101_00088_b.jpg,67-L1066.69
moto_0101_01391_b.jpg,61-D1066.26
moto_0101_05739_b.jpg,85-D1218.69
moto_0102_00398_b.jpg,60-B8137.05
moto_0102_04565_b.jpg,
moto_0103_05539_b.jpg,59-F1381.51
moto_0103_06841_b.jpg,59-T1772.07
moto_0104_00171_b.jpg,59-H1622.81
moto_0104_08083_b.jpg,60-B8010.75
moto_0106_00586_b.jpg,59-S2080.82
moto_0108_00973_b.jpg,72-F1206.13
moto_0108_05849_b.jpg,59-P1832.57
moto_0109_01594_b.jpg,59-F1492.71
moto_0109_04995_b.jpg,59-C1397.80
moto_0110_01653_b.jpg,83-P1675.60
moto_0110_01967_b.jpg,59-N1875.15
moto_0112_00522_b.jpg,59-F1201.58
moto_0112_06759_b.jpg,59-U1254.18
moto_0113_00687_b.jpg,59-L2275.60
moto_0113_08001_b.jpg,47-M74206
moto_0114_00442_b.jpg,59-G1366.71
moto_0114_05537_b.jpg,47-K1082.79
moto_0114_05671_b.jpg,59-L2054.42
moto_0115_01636_b.jpg,60-B7341.76
moto_0115_01928_b.jpg,59-B1000.02
moto_0115_06646_b.jpg,54-S89169
moto_0116_00818_b.jpg,52-Z79752
moto_0116_04019_b.jpg,59-H1556.99
moto_0116_04147_b.jpg,51-S84605
moto_0117_05755_b.jpg,71-B1580.70
moto_0118_00754_b.jpg,72-C1360.87
moto_0118_00818_b.jpg,52-Z79752
moto_0118_00942_b.jpg,72-F1207.41
moto_0119_01947_b.jpg,54-S55036
moto_0119_02244_b.jpg,59-H1467.04
moto_0120_00060_b.jpg,59-P1332.02
moto_0120_00262_b.jpg,59-P2297.29
moto_0120_02089_b.jpg,60-FP1469
moto_0120_04228_b.jpg,59-C1497.44
moto_0120_04673_b.jpg,59-Y1025.33
moto_0121_00820_b.jpg,59-U1019.85
moto_0121_04848_b.jpg,61-C1064.03
moto_0121_07251_b.jpg,76-G1120.00
moto_0122_00091_b.jpg,59-U1661.41
moto_0122_02548_b.jpg,59-XZ1602.10
moto_0122_05419_b.jpg,64-D11332.41
moto_0123_00754_b.jpg,72-C1360.87
moto_0123_01939_b.jpg,60-B8164.55
moto_0123_02088_b.jpg,60-B18634.36
moto_0123_05055_b.jpg,59-P1631.38
moto_0123_05664_b.jpg,59-Z1272.75
moto_0124_00323_b.jpg,59-L2294.77
moto_0124_02016_b.jpg,59-L2020.84
moto_0124_04420_b.jpg,76-D1240.27
moto_0124_06079_b.jpg,59-F1147.60
moto_0124_06343_b.jpg,54-S89169
moto_0125_00375_b.jpg,59-T1922.70
moto_0125_02237_b.jpg,60-Y73914
moto_0125_04420_b.jpg,59-C2247.29
moto_0126_00940_b.jpg,59-L1540.63
moto_0126_05966_b.jpg,59-C1058.99
moto_0126_06118_b.jpg,59-C1397.80
moto_0127_01738_b.jpg,59-C2440.11
moto_0127_01915_b.jpg,77-C1393.73
moto_0127_01968_b.jpg,59-U1797.51
moto_0127_04803_b.jpg,59-T1616.54
moto_0127_08112_b.jpg,59-V97976
moto_0128_02532_b.jpg,63-B1387.86
moto_0128_02555_b.jpg,59-C2459.20
moto_0128_07208_b.jpg,60-C1237.74
moto_0129_00806_b.jpg,59-E1641.41
moto_0129_01074_b.jpg,63-B2227.94
moto_0129_06028_b.jpg,66-L1352.24
moto_0129_06048_b.jpg,54-L29902
moto_0130_00538_b.jpg,59-P1897.39
moto_0130_00760_b.jpg,59-S1151.33
moto_0130_00833_b.jpg,67-F1113.17
moto_0130_05460_b.jpg,59-S2189.04
moto_0131_00223_b.jpg,59-V1877.54
moto_0131_00436_b.jpg,59-M1035.19
moto_0131_00635_b.jpg,59-L1785.82
moto_0131_00660_b.jpg,59-F1314.69
moto_0131_02540_b.jpg,85-B1178.51
moto_0131_02584_b.jpg,72-E1015.15
moto_0131_05287_b.jpg,59-V2436.54
moto_0131_05638_b.jpg,59-D1462.88
moto_0131_07186_b.jpg,59-L2237.14
moto_0132_00984_b.jpg,59-P2313.16
moto_0132_02227_b.jpg,59-E1252.97
moto_0132_04142_b.jpg,59-S2206.17
moto_0132_04633_b.jpg,59-E1689.73
moto_0132_06084_b.jpg,71-C2364.23
moto_0132_08092_b.jpg,59-T1555.00
moto_0133_04344_b.jpg,59-F1474.04
moto_0133_04876_b.jpg,51-H10234
moto_0133_05630_b.jpg,51-L74255
moto_0134_00408_b.jpg,51-L33664
moto_0134_00579_b.jpg,72-L21703
moto_0134_01049_b.jpg,54-Z28101
moto_0134_05943_b.jpg,59-T1536.68
moto_0134_07394_b.jpg,51-H25512
moto_0135_00503_b.jpg,60-B6280.32
moto_0135_00957_b.jpg,56-F64378
moto_0135_01754_b.jpg,38-Z10084
moto_0135_03054_b.jpg,63-B7033.23
moto_0136_00507_b.jpg,72-C1125.11
moto_0136_01678_b.jpg,86-H79591
moto_0136_02540_b.jpg,85-B1178.51
moto_0136_02545_b.jpg,51-T42133
moto_0136_07165_b.jpg,59-E1080.58
moto_0137_00194_b.jpg,59-S1682.87
moto_0137_01947_b.jpg,55-P44641
moto_0137_02601_b.jpg,59-T1510.02
moto_0137_06297_b.jpg,95-DB011.79
moto_0138_00331_b.jpg,85-F1149.27
moto_0138_01676_b.jpg,70-SA0367
moto_0138_04577_b.jpg,79-N1605.29
moto_0138_05001_b.jpg,59-X2564.62
moto_0139_02551_b.jpg,59-U1454.76
moto_0139_05267_b.jpg,76-EA055.57
moto_0139_06709_b.jpg,59-N1000.18
moto_0140_00065_b.jpg,59-H1439.86
moto_0140_02522_b.jpg,59-V1597.16
moto_0140_02549_b.jpg,59-T1014.39
moto_0140_06114_b.jpg,79-K78987
moto_0141_04084_b.jpg,65-H90714
moto_0142_00769_b.jpg,51-V14579
moto_0142_01632_b.jpg,71-B2513.18
moto_0142_01919_b.jpg,59-V1881.14
moto_0142_02093_b.jpg,51-H48354
moto_0142_02613_b.jpg,62-N1327.46
moto_0143_01360_b.jpg,59-N1255.21
moto_0143_02510_b.jpg,59-T1289.66
moto_0143_04342_b.jpg,59-C1428.18
moto_0143_04789_b.jpg,59-M1563.78
moto_0143_04794_b.jpg,60-B2235.67
moto_0143_07365_b.jpg,59-P1892.67
moto_0144_01003_b.jpg,59-X2773.99
moto_0144_02007_b.jpg,51-K28501
moto_0144_02600_b.jpg,59-X2788.48
moto_0144_04987_b.jpg,59-K1624.04
moto_0145_02531_b.jpg,59-C2466.33
moto_0145_04083_b.jpg,59-T1797.42
moto_0145_05660_b.jpg,59-X2354.79
moto_0146_01335_b.jpg,59-P2019.20
moto_0146_04190_b.jpg,76-L63974
moto_0146_05460_b.jpg,54-S73211
moto_0147_02236_b.jpg,86-H79591
moto_0147_04388_b.jpg,59-L2139.38
moto_0147_05135_b.jpg,60-B2235.67
moto_0147_06572_b.jpg,59-S2323.86
moto_0147_06954_b.jpg,50-HB2282
moto_0148_00001_b.jpg,59-E1341.92
moto_0148_02583_b.jpg,59-C1131.83
moto_0148_04580_b.jpg,49-K1073.20
moto_0149_04664_b.jpg,60-C2966.87
moto_0149_05849_b.jpg,70-G1135.09
moto_0150_00460_b.jpg,59-T1599.73
moto_0150_04096_b.jpg,70-B1551.321
moto_0150_04187_b.jpg,59-L1447.16
moto_0150_04829_b.jpg,51-S25013
moto_0150_05851_b.jpg,59-L1916.51
moto_0150_06837_b.jpg,47-R14301
moto_0151_00052_b.jpg,59-Y1873.04
moto_0151_02019_b.jpg,60-B3252.20
moto_0151_04111_b.jpg,48-B1288.07
moto_0152_00001_b.jpg,59-E1471.92
moto_0152_00988_b.jpg,59-S2235.46
moto_0152_08092_b.jpg,59-L1362.61
moto_0153_02530_b.jpg,59-N1600.77
moto_0154_00518_b.jpg,64-K47483
moto_0154_03021_b.jpg,63-B1320.04
moto_0154_07191_b.jpg,59-P2111.20
moto_0155_00418_b.jpg,59-N1766.54
moto_0155_01524_b.jpg,59-H1593.24
moto_0156_07336_b.jpg,59-U1576.74
moto_0157_00083_b.jpg,86-C1072.61
moto_0157_01727_b.jpg,69-D1056.61
moto_0157_02500_b.jpg,51-L34827
moto_0157_02592_b.jpg,43-D1065.44
moto_0158_00834_b.jpg,59-E1192.83
moto_0158_01702_b.jpg,59-F1030.55
moto_0158_05596_b.jpg,59-D1650.72
moto_0158_06483_b.jpg,59-E1198.03
moto_0158_06656_b.jpg,59-K1026.25
moto_0159_00418_b.jpg,59-N1766.54
moto_0159_02276_b.jpg,59-F1035.68
moto_0159_02577_b.jpg,79-N1791.17
moto_0159_04714_b.jpg,59-S2288.34
moto_0200_05891_b.jpg,59-P25963
moto_0200_08054_b.jpg,59-C1539.93
moto_0200_08319_b.jpg,71-B2898.97
moto_0201_05010_b.jpg,59-S1534.17
moto_0202_03024_b.jpg,53-Z23502
moto_0202_04589_b.jpg,67-E1054.20
moto_0203_00419_b.jpg,59-T1385.06
moto_0203_05531_b.jpg,59-S2544.55
moto_0203_06622_b.jpg,47-B1426.42
moto_0205_00866_b.jpg,59-C1618.91
moto_0205_04086_b.jpg,59-S1311.97
moto_0205_07100_b.jpg,77-D1129.38
moto_0205_07244_b.jpg,59-T1183.62
moto_0206_04440_b.jpg,59-N2437.56
moto_0206_07127_b.jpg,71-B2898.97
moto_0206_07238_b.jpg,59-N1760.49
moto_0207_00521_b.jpg,54-T12473
moto_0207_04185_b.jpg,59-L1567.20
moto_0207_06374_b.jpg,59-E1296.60
moto_0207_07240_b.jpg,59-T1461.01
moto_0208_05067_b.jpg,59-T1661.53
moto_0209_04147_b.jpg,71-S55600
moto_0209_04404_b.jpg,62-K1179.29
moto_0209_04563_b.jpg,59-F1095.96
moto_0209_05405_b.jpg,59-F1266.26
moto_0209_06283_b.jpg,86-B6218.90
moto_0209_08007_b.jpg,54-S22148
moto_0209_08094_b.jpg,59-D1019.78
moto_0210_02219_b.jpg,64-D1218.88
moto_0210_04510_b.jpg,77-Y34619
moto_0210_05414_b.jpg,62-K1179.29
moto_0210_06105_b.jpg,59-E1179.36
moto_0210_07395_b.jpg,66-L1352.24
moto_0211_00866_b.jpg,59-C1618.91
moto_0211_04855_b.jpg,54-R22733
moto_0211_05326_b.jpg,67-H1036.55
moto_0211_08346_b.jpg,49-E1153.83
moto_0212_00158_b.jpg,59T1052.97
moto_0212_06671_b.jpg,59-H1677.91
moto_0213_04627_b.jpg,51-S63577
moto_0214_05762_b.jpg,79-Z1048.11
moto_0215_01946_b.jpg,59-H1677.91
moto_0215_04767_b.jpg,59-C1309.23
moto_0215_05885_b.jpg,53-Z11759
moto_0215_06112_b.jpg,59-L1459.00
moto_0215_06197_b.jpg,59-Y1713.64
moto_0217_00819_b.jpg,55-X17546
moto_0217_04676_b.jpg,59-U1591.75
moto_0218_00868_b.jpg,59-L1163.92
moto_0219_01300_b.jpg,63-B2163.53
moto_0219_02212_b.jpg,54-P72138
moto_0219_06795_b.jpg,68-X1210.02
moto_0220_06743_b.jpg,59-S1818.34
moto_0221_05348_b.jpg,47-H75226
moto_0221_06228_b.jpg,59-P2323.34
moto_0222_00578_b.jpg,59-S2288.34
moto_0222_07182_b.jpg,54-V38314
moto_0223_06130_b.jpg,60-B3378.46
moto_0223_07200_b.jpg,51-H58092
moto_0224_04757_b.jpg,54-K16483
moto_0225_05464_b.jpg,36-F42678
moto_0225_06106_b.jpg,71-H88424
moto_0226_06210_b.jpg,59-C2492.00
moto_0228_05851_b.jpg,60-C1658.29
moto_0228_06205_b.jpg,77-M63369
moto_0228_08009_b.jpg,54-U46484
moto_0229_05899_b.jpg,54-Z12997
moto_0230_01270_b.jpg,59-V1098.69
moto_0231_04382_b.jpg,59-T1322.29
moto_0231_05371_b.jpg,52-S24832
moto_0231_05886_b.jpg,77-H1190.25
moto_0232_07283_b.jpg,53-X66011
moto_0233_05690_b.jpg,63-B1409.91
moto_0233_05976_b.jpg,54-F30667
moto_0233_06485_b.jpg,59-Y1713.64
moto_0234_05215_b.jpg,55-Y19833
moto_0234_06540_b.jpg,59-H1525.12
moto_0235_06933_b.jpg,59-E1656.53
moto_0236_02272_b.jpg,54-H14882
moto_0236_04123_b.jpg,54-P76117
moto_0236_04241_b.jpg,95-H1121.78
moto_0236_05858_b.jpg,49-E1153.83
moto_0236_08055_b.jpg,59-Y1919.82
moto_0236_08258_b.jpg,61-G1251.22
moto_0237_00523_b.jpg,51-P98308
moto_0237_02213_b.jpg,70-B1321.68
moto_0237_08208_b.jpg,59-C2425.04
moto_0238_03008_b.jpg,59-P1972.55
moto_0238_07112_b.jpg,95-E1177.63
moto_0239_04588_b.jpg,59-L1810.06
moto_0239_04692_b.jpg,59-L2313.95
moto_0239_05848_b.jpg,59-X1374.38
moto_0239_06155_b.jpg,54-T20810
moto_0240_05813_b.jpg,81-H12204
moto_0240_05990_b.jpg,54-L42443
moto_0240_06671_b.jpg,59-T1466.85
moto_0241_02252_b.jpg,82-H1088.86
moto_0241_05387_b.jpg,72-C1709.89
moto_0241_06153_b.jpg,60-F2019.49
moto_0241_06165_b.jpg,54-P81515
moto_0241_06752_b.jpg,54-S22148
moto_0241_06978_b.jpg,59-S2299.69
moto_0241_08258_b.jpg,60-C1619.75
moto_0242_01591_b.jpg,92-N1030.03
moto_0242_06436_b.jpg,94-E1193.17
moto_0242_06966_b.jpg,85-R83682
moto_0242_07067_b.jpg,59-C2274.15
moto_0242_08139_b.jpg,59-L1022.46
moto_0243_04829_b.jpg,59-L1508.99
moto_0243_06072_b.jpg,59-P1837.38
moto_0243_08319_b.jpg,52-T56177
moto_0244_04022_b.jpg,59-N1462.04
moto_0244_04045_b.jpg,59-U1565.29
moto_0244_04480_b.jpg,59-G1152.55
moto_0244_06639_b.jpg,59-U1843.66
moto_0245_01965_b.jpg,59-T1296.13
moto_0245_05507_b.jpg,59-P1972.55
moto_0246_04148_b.jpg,51-F91341
moto_0246_04692_b.jpg,59-L11012.41
moto_0246_05507_b.jpg,59-S1944.22
moto_0246_07355_b.jpg,59-C1230.83
moto_0247_04267_b.jpg,59-C2443.33
moto_0247_08138_b.jpg,59-T1466.85
moto_0248_04462_b.jpg,59-P1860.84
moto_0248_04991_b.jpg,60-B5118.27
moto_0248_06621_b.jpg,59-C2527.95
moto_0249_00316_b.jpg,59-U1497.26
moto_0249_00404_b.jpg,59-F1364.64
moto_0249_00586_b.jpg,59-S2080.82
moto_0249_00984_b.jpg,59-P2313.16
moto_0249_02212_b.jpg,54-P72138
moto_0249_04799_b.jpg,59-K1225.99
moto_0249_05720_b.jpg,59-H1547.92
moto_0249_06036_b.jpg,67-G1067.16
moto_0249_08308_b.jpg,54-T20810
moto_0249_08347_b.jpg,59-F1714.78
moto_0250_06810_b.jpg,59-L1481.83
moto_0251_01938_b.jpg,59-N1014.25
moto_0251_07090_b.jpg,59-D2131.13
moto_0252_01426_b.jpg,52-F73840
moto_0253_05735_b.jpg,75-F1029.91
moto_0253_06153_b.jpg,59-P2231.03
moto_0254_04526_b.jpg,59-Z1196.32
moto_0254_05123_b.jpg,60-B7115.57
moto_0254_05925_b.jpg,77-H1068.30
moto_0254_07092_b.jpg,77-C1226.97
moto_0254_08017_b.jpg,59-Z1265.53
moto_0256_04748_b.jpg,59-C1670.71
moto_0256_04915_b.jpg,60-C1353.31
moto_0256_06748_b.jpg,51-L68446
moto_0256_06916_b.jpg,67-N1208.86
moto_0257_08272_b.jpg,78-H92348
moto_0258_00465_b.jpg,37-E1191.45
moto_0258_04132_b.jpg,79-K1020.61
moto_0258_04244_b.jpg,59-P2323.34
moto_0258_05146_b.jpg,59-P2323.34
moto_0258_05228_b.jpg,54-H44091
moto_0258_06413_b.jpg,54-F45279
moto_0258_06866_b.jpg,59-M1902.08
moto_0259_00506_b.jpg,54-S54463
moto_0259_04193_b.jpg,54-S16830
moto_0259_06071_b.jpg,59-T1656.71
moto_0259_06081_b.jpg,52-Z67766
moto_0259_06228_b.jpg,53-S39152
moto_0300_06559_b.jpg,65-H57108
moto_0300_06692_b.jpg,71-B1979.14
moto_0301_01589_b.jpg,59-B1385.59
moto_0301_02272_b.jpg,54-H14882
moto_0301_06167_b.jpg,59-S2470.61
moto_0301_06523_b.jpg,60-F1506.70
moto_0301_06684_b.jpg,76-H1061.61
moto_0301_08123_b.jpg,59-M1944.58
moto_0302_01513_b.jpg,54-L36961
moto_0302_02259_b.jpg,55-X86970
moto_0302_04345_b.jpg,67-B1696.60
moto_0302_04617_b.jpg,78-H1021.33
moto_0302_05381_b.jpg,52-H40234
moto_0304_04071_b.jpg,59-D1502.16
moto_0304_05676_b.jpg,59-F1631.86
moto_0304_07392_b.jpg,54-V15558
moto_0305_04793_b.jpg,54-T40987
moto_0305_06157_b.jpg,53-V73196
moto_0306_04292_b.jpg,59-L1165.11
moto_0306_05088_b.jpg,53-Z11759
moto_0306_07285_b.jpg,69-B9292.19
moto_0307_06345_b.jpg,59-V2090.48
moto_0308_05665_b.jpg,59-X1213.94
moto_0308_06731_b.jpg,59-V2348.15
moto_0309_06495_b.jpg,71-C2321.49
moto_0310_06703_b.jpg,59-P2211.81
moto_0310_07150_b.jpg,52-H48060
moto_0312_05600_b.jpg,59-L1357.03
moto_0313_04421_b.jpg,60-N2369.12
moto_0313_04659_b.jpg,71-C2300.79
moto_0313_05149_b.jpg,54-N46324
moto_0313_07153_b.jpg,72-C1393.15
moto_0314_06109_b.jpg,47-AB559.99
moto_0315_04289_b.jpg,59-V2486.12
moto_0315_04519_b.jpg,54-T34407
moto_0315_06165_b.jpg,59-D2172.44
moto_0316_04240_b.jpg,59-N1541.92
moto_0316_04905_b.jpg,59-C2550.06
moto_0316_05313_b.jpg,59-K1440.76
moto_0317_04262_b.jpg,60-F2045.65
moto_0318_05008_b.jpg,49-G1099.99
moto_0318_05414_b.jpg,60-B6088.80
moto_0318_06155_b.jpg,60-B7154.61
moto_0319_06474_b.jpg,59-C2048.37
moto_0319_08223_b.jpg,59-L1387.65
moto_0320_06867_b.jpg,43-H16799
moto_0320_08070_b.jpg,59-X1564.19
moto_0323_01887_b.jpg,59-D1887.28
moto_0323_05688_b.jpg,59-C2574.92
moto_0323_06647_b.jpg,59-K1840.15
moto_0323_07295_b.jpg,59-H1354.60
moto_0323_07320_b.jpg,47-B1998.64
moto_0324_05997_b.jpg,61-B1618.78
moto_0324_06738_b.jpg,59-N1442.91
moto_0325_06296_b.jpg,54-H35581
moto_0326_04993_b.jpg,77-F1253.89
moto_0326_05383_b.jpg,59-U1438.68
moto_0327_06596_b.jpg,55-P23999
moto_0327_07257_b.jpg,59-P1947.51
moto_0328_06476_b.jpg,59-C2019.09
moto_0329_03016_b.jpg,54-M29266
moto_0330_05791_b.jpg,59-E1531.39
moto_0330_06551_b.jpg,60-B4221.55
moto_0331_05175_b.jpg,59-V1227.09
moto_0331_05441_b.jpg,59-V1855.84
moto_0332_06920_b.jpg,59-C1062.31
moto_0333_04136_b.jpg,51-K21103
moto_0333_05790_b.jpg,59-F1322.10
moto_0335_06470_b.jpg,54-P73985
moto_0335_06659_b.jpg,62-K85607
moto_0336_04266_b.jpg,59-M1884.18
moto_0336_06353_b.jpg,54-S50882
moto_0336_06896_b.jpg,67-B1085.05
moto_0336_06983_b.jpg,59-F1112.99
moto_0338_05880_b.jpg,49-K1392.72
moto_0340_04255_b.jpg,55-P81120
moto_0340_05917_b.jpg,52-U83666
moto_0341_04653_b.jpg,59-M1974.89
moto_0342_06209_b.jpg,59-S1595.59
moto_0342_06293_b.jpg,51-X94654
moto_0343_02003_b.jpg,59-S2329.28
moto_0343_04212_b.jpg,59-S2015.72
moto_0344_04754_b.jpg,61-N10663
moto_0346_06965_b.jpg,59-B1408.70
moto_0350_08241_b.jpg,59-P2207.70
moto_0355_04038_b.jpg,55-P48426
moto_0355_06858_b.jpg,59-T1313.40
moto_0356_05992_b.jpg,59-Y1674.52
moto_0356_06897_b.jpg,59-C1559.80
moto_0357_04216_b.jpg,70-P15900
moto_0359_01814_b.jpg,78-N25203
moto_0359_08271_b.jpg,59-N1071.95
moto_0400_00995_b.jpg,59-C1228.51
moto_0400_05206_b.jpg,59-M1608.86
moto_0401_06826_b.jpg,59-F1085.01
moto_0402_04374_b.jpg,49-B1328.70
moto_0403_04146_b.jpg,69-C1205.91
moto_0403_04247_b.jpg,59-T1279.08
moto_0403_07084_b.jpg,59-U1202.74
moto_0404_00952_b.jpg,54-L59913
moto_0405_04683_b.jpg,39-F15014
moto_0408_06793_b.jpg,47-L1099.77
moto_0412_05885_b.jpg,63-H54588
moto_0412_06384_b.jpg,59-T1202.43
moto_0412_06438_b.jpg,59-M1487.00
moto_0413_05980_b.jpg,52-F31770
moto_0414_04350_b.jpg,59-T1036.17
moto_0415_00096_b.jpg,59-P2002.63
moto_0415_05278_b.jpg,84-L1325.47
moto_0417_06790_b.jpg,86-B1146.30
moto_0418_05006_b.jpg,59-X1495.73
moto_0418_06123_b.jpg,78-E1241.13
moto_0419_04383_b.jpg,55-P60839
moto_0419_05387_b.jpg,63-B5125.34
moto_0420_01152_b.jpg,59-F1704.24
moto_0420_04686_b.jpg,59-N1879.57
moto_0420_05895_b.jpg,59-U1515.95
moto_0420_08001_b.jpg,54-N95449
moto_0421_05609_b.jpg,54-V39264
moto_0421_08091_b.jpg,59-C2628.72
moto_0423_06266_b.jpg,59-H1609.19
moto_0424_00288_b.jpg,59-S2316.06
moto_0424_04080_b.jpg,59-T1354.15
moto_0424_04500_b.jpg,51-LD5634
moto_0424_07398_b.jpg,54-F37071
moto_0425_04576_b.jpg,51-S57559
moto_0425_05279_b.jpg,59-F1322.10
moto_0425_05580_b.jpg,51-N21890
moto_0425_07085_b.jpg,60-B5523.33
moto_0425_07246_b.jpg,59-Y1547.76
moto_0426_05655_b.jpg,51-R10737
moto_0427_04665_b.jpg,63-F68411
moto_0428_04599_b.jpg,62-L1209.95
moto_0429_04135_b.jpg,77-X69544
moto_0429_05044_b.jpg,48-B1314.42
moto_0429_05390_b.jpg,89-U1769.47
moto_0429_06284_b.jpg,59-P1986.63
moto_0429_07077_b.jpg,76-K33694
moto_0430_01270_b.jpg,59-V1098.69
moto_0430_04601_b.jpg,33-M73521
moto_0430_06426_b.jpg,54-N64172
moto_0430_06487_b.jpg,49-B1511.83
moto_0430_07250_b.jpg,93-F1264.79
moto_0430_08374_b.jpg,59-U1861.23
moto_0432_04307_b.jpg,62-AP002.70
moto_0432_06360_b.jpg,59-U1622.31
moto_0432_08135_b.jpg,55-P71233
moto_0433_04098_b.jpg,54-U57406
moto_0433_04683_b.jpg,71-C2365.63
moto_0433_07371_b.jpg,59-H1341.59
moto_0434_04321_b.jpg,79-Z15804
moto_0434_04799_b.jpg,59-U1114.44
moto_0435_02056_b.jpg,47-K29950
moto_0435_04232_b.jpg,59-V2246.14
moto_0436_04395_b.jpg,59-S1757.15
moto_0436_05417_b.jpg,60-F1415.16
moto_0437_04839_b.jpg,59-G1965.77
moto_0437_05078_b.jpg,63-V50914
moto_0439_04275_b.jpg,59-L1979.98
moto_0439_05423_b.jpg,52-S24832
moto_0439_06699_b.jpg,59-N1537.82
moto_0440_06780_b.jpg,59-L1180.44
moto_0440_08382_b.jpg,61-D1478.34
moto_0441_06077_b.jpg,59-C1325.02
moto_0442_01393_b.jpg,62-K1095.71
moto_0442_06183_b.jpg,59-X1418.19
moto_0442_09523_b.jpg,59-B1352.94
moto_0443_04187_b.jpg,59-F1827.87
moto_0443_06465_b.jpg,76-U1151.78
moto_0444_00532_b.jpg,59-P1664.80
moto_0444_04878_b.jpg,71-S39276
moto_0444_06098_b.jpg,62-N1369.34
moto_0444_06918_b.jpg,51-F69090
moto_0444_08080_b.jpg,59-C1163.49
moto_0445_04734_b.jpg,63-H51336
moto_0445_06276_b.jpg,54-M25694
moto_0446_01587_b.jpg,47-N90859
moto_0448_04294_b.jpg,78-K1006.77
moto_0449_06870_b.jpg,54-L55031
moto_0450_06152_b.jpg,59-M1118.11
moto_0450_06376_b.jpg,93-E1051.19
moto_0452_02096_b.jpg,59-D1063.99
moto_0453_05278_b.jpg,43-G1136.84
moto_0453_05979_b.jpg,85-C1239.92
moto_0453_06799_b.jpg,54-P48871
moto_0454_04259_b.jpg,59-S2084.18
moto_0454_08363_b.jpg,59-G1868.95
moto_0455_02271_b.jpg,59-M1876.68
moto_0455_06303_b.jpg,81-B1387.46
moto_0456_06380_b.jpg,33-M73521
moto_0458_04121_b.jpg,59-S2460.39
moto_0458_04430_b.jpg,79-D1158.14
moto_0458_05551_b.jpg,51-R32161
moto_0458_06268_b.jpg,51-L18088
moto_0458_06343_b.jpg,29-B1105.59
moto_0458_06419_b.jpg,75-H28428
moto_0459_05434_b.jpg,68-K49407
moto_0459_05782_b.jpg,59-M1818.59
moto_0459_08033_b.jpg,59-F1132.30
moto_0500_01639_b.jpg,72-H1173.59
moto_0500_01890_b.jpg,59-E1509.88
moto_0501_05881_b.jpg,51-Z74533
moto_0501_05973_b.jpg,16-L95425
moto_0501_06978_b.jpg,59-M1525.76
moto_0502_04335_b.jpg,49-B1454.48
moto_0502_05172_b.jpg,59-C1677.90
moto_0502_06492_b.jpg,60-U29125
moto_0502_06605_b.jpg,59-TA003.29
moto_0502_06701_b.jpg,59-S1448.95
moto_0503_04455_b.jpg,59-F1251.23
moto_0503_04738_b.jpg,79-N1188.93
moto_0503_04858_b.jpg,77-F1284.72
moto_0504_01851_b.jpg,59-E1587.20
moto_0504_05562_b.jpg,54-X82567
moto_0504_05844_b.jpg,59-B1291.17
moto_0504_06776_b.jpg,59-F1098.65
moto_0505_00420_b.jpg,59-C1655.15
moto_0505_04350_b.jpg,59-X1695.92
moto_0505_04873_b.jpg,86-K44446
moto_0505_05700_b.jpg,59-B1015.54
moto_0505_06413_b.jpg,50-N1125.82
moto_0508_04535_b.jpg,84-L1272.71
moto_0508_06228_b.jpg,60-B9157.81
moto_0508_06535_b.jpg,77-G1257.59
moto_0508_07262_b.jpg,61-C1614.07
moto_0508_07355_b.jpg,79-N22094
moto_0509_01945_b.jpg,52-M90589
moto_0509_04094_b.jpg,59-F1219.26
moto_0510_05717_b.jpg,59-G1615.90
moto_0510_06059_b.jpg,59-S2400.17
moto_0510_06621_b.jpg,59-E1639.78
moto_0510_07155_b.jpg,59-Z2054.56
moto_0510_07350_b.jpg,59-L1531.22
moto_0511_02302_b.jpg,59-V1677.47
moto_0511_04825_b.jpg,655-X44850
moto_0511_05671_b.jpg,59-T1867.82
moto_0511_05801_b.jpg,50-N1186.89
moto_0511_05872_b.jpg,59-L2273.45
moto_0512_04241_b.jpg,72-F1311.44
moto_0512_05364_b.jpg,78-H1001.11
moto_0512_05758_b.jpg,54-P46793
moto_0512_06410_b.jpg,54-T14995
moto_0512_08348_b.jpg,59-C1311.62
moto_0513_06166_b.jpg,59-D1834.14
moto_0514_06714_b.jpg,55-P84339
moto_0515_01686_b.jpg,54-K40723
moto_0516_06155_b.jpg,67-L1335.25
moto_0516_06669_b.jpg,59-U1918.97
moto_0516_08291_b.jpg,59-N1871.73
moto_0517_05164_b.jpg,59-M1537.73
moto_0517_05181_b.jpg,60-B3220.83
moto_0517_06847_b.jpg,59-N2314.28
moto_0518_04355_b.jpg,54-T34538
moto_0518_04948_b.jpg,59-C2593.92
moto_0518_07075_b.jpg,59-K1992.17
moto_0518_08079_b.jpg,59-N1739.48
moto_0519_00462_b.jpg,55-R88556
moto_0519_02272_b.jpg,54-H14882
moto_0519_02301_b.jpg,59-Y1584.47
moto_0519_04373_b.jpg,54-S92073
moto_0519_05493_b.jpg,72-H73227
moto_0519_05712_b.jpg,59-T1605.74
moto_0519_05715_b.jpg,59-T1009.85
moto_0519_08151_b.jpg,59-C1311.62
moto_0520_04388_b.jpg,59-F1166.92
moto_0520_07389_b.jpg,59-F1381.51
moto_0521_04658_b.jpg,52-T72746